Order_Id,Order_Date,Sales,Profit,Discount,Region,Category,Sub_Category,Customer_Segment,Quantity,Profit_Bin,profit_flag,Discount_Bin,Sales_Bin,Unit_Margin,Profit_Margin,Year,Quarter,Month,Weekday
1,2024-01-16 17:03:25.405405404,4268.33,967.81,12,North,OfficeSup,Bookcases,Consumer,1,901 - 1100,Positive,11 - 15,4001 - 4500,967.81,0.22674207476928915,2024,1,1,Tuesday
2,2024-06-22 13:09:54.594594592,1554.25,805.9,13,East,Technology,Paper,Consumer,1,701 - 900,Positive,11 - 15,1501 - 2000,805.9,0.5185137526138008,2024,2,6,Saturday
3,2024-06-24 17:46:40.000000000,2129.58,589.54,17,North,OfficeSup,Accessories,Home Office,5,501 - 700,Positive,16 - 20,2001 - 2500,117.90799999999999,0.2768339296950572,2024,2,6,Monday
4,2024-04-27 06:46:29.189189184,1734.67,421.34,0,South,OfficeSup,Accessories,Home Office,5,301 - 500,Positive,0 - 5,1501 - 2000,84.268,0.24289346100411027,2024,2,4,Saturday
5,2023-10-28 07:55:40.540540540,2600.0,387.81,26,South,OfficeSup,Accessories,Home Office,6,301 - 500,Positive,26 - 30,2501 - 3000,64.635,0.1491576923076923,2023,4,10,Saturday
6,2024-05-10 10:27:01.621621624,1100.0,1124.52,11,West,Technology,Accessories,Home Office,6,1101 - 1300,Positive,11 - 15,1001 - 1500,187.42,1.0222909090909091,2024,2,5,Friday
7,2024-04-02 10:29:54.594594592,2779.69,-200.0,17,East,Technology,Phones,Home Office,1,(-300) - (-101),Negative,16 - 20,2501 - 3000,-200.0,-0.07195046929693599,2024,2,4,Tuesday
8,2024-01-10 20:45:24.324324324,3418.05,468.78,22,West,Technology,Binders,Corporate,8,301 - 500,Positive,21 - 25,3001 - 3500,58.5975,0.1371483740729363,2024,1,1,Wednesday
9,2024-09-19 16:44:41.081081080,3815.51,382.3,12,North,Technology,Paper,Consumer,1,301 - 500,Positive,11 - 15,3501 - 4000,382.3,0.10019630403275054,2024,3,9,Thursday
10,2023-04-10 09:06:18.378378378,2901.86,1477.04,27,East,Technology,Paper,Corporate,3,1301 - 1500,Positive,26 - 30,2501 - 3000,492.34666666666664,0.5089976773517675,2023,2,4,Monday
11,2024-08-15 14:56:34.594594592,4254.85,-155.83,8,North,Furniture,Phones,Corporate,6,(-300) - (-101),Negative,6 - 10,4001 - 4500,-25.971666666666668,-0.03662408780568058,2024,3,8,Thursday
12,2023-02-25 12:51:10.270270270,4226.16,1468.47,21,South,Furniture,Laptops,Home Office,4,1301 - 1500,Positive,21 - 25,4001 - 4500,367.1175,0.3474714634561872,2023,1,2,Saturday
13,2024-04-09 17:52:25.945945944,177.48,1500.0,25,East,Technology,Bookcases,Consumer,4,1301 - 1500,Positive,21 - 25,0 - 500,375.0,8.451656524678837,2024,2,4,Tuesday
14,2024-12-12 00:01:26.486486488,400.0,1280.28,28,North,Technology,Binders,Home Office,7,1101 - 1300,Positive,26 - 30,0 - 500,182.89714285714285,3.2007,2024,4,12,Thursday
15,2024-11-16 10:12:36.756756752,3600.0,1435.61,12,West,Furniture,Bookcases,Home Office,6,1301 - 1500,Positive,11 - 15,3501 - 4000,239.26833333333332,0.3987805555555555,2024,4,11,Saturday
16,2024-10-18 22:14:46.486486488,2373.55,540.9,10,North,Technology,Storage,Corporate,4,501 - 700,Positive,6 - 10,2001 - 2500,135.225,0.22788649912578202,2024,4,10,Friday
17,2023-07-24 14:30:37.837837838,318.36,900.0,0,South,OfficeSup,Accessories,Corporate,8,701 - 900,Positive,0 - 5,0 - 500,112.5,2.826988315114964,2023,3,7,Monday
18,2024-10-07 05:38:44.324324320,2690.75,750.66,19,South,OfficeSup,Tables,Home Office,8,701 - 900,Positive,16 - 20,2501 - 3000,93.8325,0.2789779801170677,2024,4,10,Monday
19,2024-07-10 02:03:57.837837840,3792.61,200.0,8,West,Furniture,Laptops,Home Office,5,101 - 300,Positive,6 - 10,3501 - 4000,40.0,0.05273413295856943,2024,3,7,Wednesday
20,2023-08-22 02:28:28.108108108,3521.72,347.1,0,West,OfficeSup,Chairs,Consumer,7,301 - 500,Positive,0 - 5,3501 - 4000,49.58571428571429,0.09855979464579809,2023,3,8,Tuesday
21,2024-02-06 04:06:29.189189188,3045.4,-400.0,4,North,Furniture,Laptops,Home Office,8,(-500) - (-301),Negative,0 - 5,3001 - 3500,-50.0,-0.13134563604124253,2024,1,2,Tuesday
22,2023-05-08 03:31:53.513513514,3626.3,-46.52,2,South,Technology,Bookcases,Home Office,8,(-100) - (-1),Negative,0 - 5,3501 - 4000,-5.815,-0.012828502881725174,2023,2,5,Monday
23,2023-09-29 02:25:35.135135136,200.0,886.67,4,South,Technology,Bookcases,Consumer,7,701 - 900,Positive,0 - 5,0 - 500,126.66714285714285,4.43335,2023,3,9,Friday
24,2024-01-21 02:16:56.216216216,197.0,669.68,6,West,Technology,Chairs,Home Office,3,501 - 700,Positive,6 - 10,0 - 500,223.22666666666666,3.3993908629441623,2024,1,1,Sunday
25,2023-06-03 10:52:58.378378378,4400.47,337.16,0,North,OfficeSup,Phones,Home Office,9,301 - 500,Positive,0 - 5,4001 - 4500,37.46222222222222,0.0766190884155556,2023,2,6,Saturday
26,2023-06-21 17:19:16.756756756,3410.34,1199.07,28,South,Technology,Phones,Consumer,8,1101 - 1300,Positive,26 - 30,3001 - 3500,149.88375,0.35159837435563607,2023,2,6,Wednesday
27,2023-03-15 19:17:28.648648648,4125.02,-253.53,0,West,Furniture,Storage,Consumer,4,(-300) - (-101),Negative,0 - 5,4001 - 4500,-63.3825,-0.06146152018656879,2023,1,3,Wednesday
28,2024-12-21 12:00:43.243243240,396.96,368.1,9,South,Furniture,Tables,Consumer,7,301 - 500,Positive,6 - 10,0 - 500,52.58571428571429,0.9272974607013302,2024,4,12,Saturday
29,2024-10-21 02:51:31.891891888,4453.47,16.21,0,West,Furniture,Paper,Corporate,7,0 - 100,Positive,0 - 5,4001 - 4500,2.315714285714286,0.0036398583576402223,2024,4,10,Monday
30,2024-11-23 00:02:52.972972968,439.71,675.39,0,South,Technology,Bookcases,Consumer,6,501 - 700,Positive,0 - 5,0 - 500,112.565,1.535989629528553,2024,4,11,Saturday
31,2023-09-10 19:59:16.756756756,2073.55,-134.66,9,North,Furniture,Storage,Consumer,4,(-300) - (-101),Negative,6 - 10,2001 - 2500,-33.665,-0.06494176653565141,2023,3,9,Sunday
32,2023-04-12 13:43:03.783783783,2200.0,540.15,17,East,Furniture,Storage,Corporate,8,501 - 700,Positive,16 - 20,2001 - 2500,67.51875,0.24552272727272725,2023,2,4,Wednesday
33,2024-03-29 18:48:38.918918920,4100.0,766.82,9,West,Technology,Tables,Consumer,6,701 - 900,Positive,6 - 10,4001 - 4500,127.80333333333334,0.18702926829268293,2024,1,3,Friday
34,2023-12-31 15:13:52.432432432,2555.33,135.11,26,South,OfficeSup,Bookcases,Corporate,2,101 - 300,Positive,26 - 30,2501 - 3000,67.555,0.05287379712209383,2023,4,12,Sunday
35,2023-09-28 08:53:20.000000000,4874.42,-411.92,4,South,OfficeSup,Storage,Home Office,6,(-500) - (-301),Negative,0 - 5,4501 - 5000,-68.65333333333334,-0.08450646435883655,2023,3,9,Thursday
36,2023-05-25 16:25:56.756756756,3471.42,803.03,12,East,OfficeSup,Tables,Home Office,8,701 - 900,Positive,11 - 15,3001 - 3500,100.37875,0.23132608557881212,2023,2,5,Thursday
37,2024-05-17 00:17:17.837837840,2103.01,1159.45,18,East,Technology,Storage,Corporate,9,1101 - 1300,Positive,16 - 20,2001 - 2500,128.82777777777778,0.551328809658537,2024,2,5,Friday
38,2024-03-02 17:55:18.918918920,1928.97,-313.46,6,West,OfficeSup,Bookcases,Corporate,2,(-500) - (-301),Negative,6 - 10,1501 - 2000,-156.73,-0.1625012312270279,2024,1,3,Saturday
39,2024-10-20 09:19:16.756756752,2134.68,-100.0,12,South,Furniture,Accessories,Corporate,3,(-300) - (-101),Negative,11 - 15,2001 - 2500,-33.333333333333336,-0.04684542882305545,2024,4,10,Sunday
40,2023-02-13 02:42:52.972972973,3530.17,1053.61,22,East,Furniture,Storage,Home Office,3,901 - 1100,Positive,21 - 25,3501 - 4000,351.2033333333333,0.298458714452845,2023,1,2,Monday
41,2023-08-28 16:18:44.324324324,2345.35,-63.48,15,South,OfficeSup,Storage,Home Office,7,(-100) - (-1),Negative,11 - 15,2001 - 2500,-9.068571428571428,-0.027066322723687294,2023,3,8,Monday
42,2023-03-12 03:36:12.972972973,3822.1,619.16,4,West,OfficeSup,Chairs,Consumer,3,501 - 700,Positive,0 - 5,3501 - 4000,206.38666666666666,0.1619947149472803,2023,1,3,Sunday
43,2023-08-16 23:42:42.162162160,962.87,1226.93,23,South,Furniture,Tables,Consumer,8,1101 - 1300,Positive,21 - 25,501 - 1000,153.36625,1.2742426288076272,2023,3,8,Wednesday
44,2024-12-12 17:33:41.621621616,3256.86,804.55,12,South,OfficeSup,Bookcases,Consumer,7,701 - 900,Positive,11 - 15,3001 - 3500,114.93571428571428,0.2470324177275044,2024,4,12,Thursday
45,2023-08-07 11:43:25.405405404,4975.41,-334.53,6,South,OfficeSup,Chairs,Consumer,8,(-500) - (-301),Negative,6 - 10,4501 - 5000,-41.81625,-0.06723666994277858,2023,3,8,Monday
46,2023-07-22 09:53:52.432432432,4659.97,-153.31,23,West,OfficeSup,Laptops,Consumer,3,(-300) - (-101),Negative,21 - 25,4501 - 5000,-51.10333333333333,-0.032899353429313924,2023,3,7,Saturday
47,2024-11-06 04:41:04.864864864,2382.55,1356.1,11,East,Technology,Bookcases,Home Office,1,1301 - 1500,Positive,11 - 15,2001 - 2500,1356.1,0.5691800801662084,2024,4,11,Wednesday
48,2024-03-15 04:03:36.216216216,1900.0,2.16,1,South,OfficeSup,Paper,Corporate,5,0 - 100,Positive,0 - 5,1501 - 2000,0.43200000000000005,0.0011368421052631579,2024,1,3,Friday
49,2023-11-17 18:58:44.324324324,1400.0,738.69,28,North,Furniture,Binders,Consumer,7,701 - 900,Positive,26 - 30,1001 - 1500,105.52714285714286,0.5276357142857143,2023,4,11,Friday
50,2024-09-03 14:55:08.108108104,338.42,1491.28,21,East,Furniture,Chairs,Consumer,2,1301 - 1500,Positive,21 - 25,0 - 500,745.64,4.4065953548844625,2024,3,9,Tuesday
51,2024-02-21 12:23:47.027027024,2793.07,-300.91,0,West,OfficeSup,Storage,Home Office,2,(-500) - (-301),Negative,0 - 5,2501 - 3000,-150.455,-0.10773450003043246,2024,1,2,Wednesday
52,2024-10-04 07:29:43.783783784,2700.0,66.73,17,East,Furniture,Laptops,Consumer,7,0 - 100,Positive,16 - 20,2501 - 3000,9.532857142857143,0.024714814814814818,2024,4,10,Friday
53,2023-07-10 17:17:50.270270270,4251.25,424.78,13,West,Furniture,Phones,Corporate,2,301 - 500,Positive,11 - 15,4001 - 4500,212.39,0.09991884739782417,2023,3,7,Monday
54,2024-02-27 08:41:48.108108104,3509.41,1061.84,10,West,Technology,Bookcases,Corporate,3,901 - 1100,Positive,6 - 10,3501 - 4000,353.94666666666666,0.30256937775865456,2024,1,2,Tuesday
55,2023-01-17 19:21:48.108108108,115.52,700.0,17,South,Furniture,Chairs,Consumer,9,501 - 700,Positive,16 - 20,0 - 500,77.77777777777777,6.0595567867036015,2023,1,1,Tuesday
56,2023-01-22 22:07:34.054054054,4860.51,838.62,0,East,OfficeSup,Paper,Corporate,2,701 - 900,Positive,0 - 5,4501 - 5000,419.31,0.17253744977378915,2023,1,1,Sunday
57,2024-03-26 20:39:38.378378376,4461.28,1054.91,0,South,OfficeSup,Tables,Consumer,8,901 - 1100,Positive,0 - 5,4001 - 4500,131.86375,0.23645904314456842,2024,1,3,Tuesday
58,2023-01-08 07:22:31.351351351,3068.2,900.0,0,North,OfficeSup,Accessories,Home Office,5,701 - 900,Positive,0 - 5,3001 - 3500,180.0,0.2933315950720292,2023,1,1,Sunday
59,2023-06-11 11:47:44.864864864,1974.64,699.26,19,North,Technology,Accessories,Home Office,7,501 - 700,Positive,16 - 20,1501 - 2000,99.89428571428572,0.3541202447028319,2023,2,6,Sunday
60,2024-08-22 04:46:50.810810808,2287.3,504.98,25,North,Furniture,Accessories,Home Office,4,501 - 700,Positive,21 - 25,2001 - 2500,126.245,0.22077558693656274,2024,3,8,Thursday
61,2023-08-05 07:06:40.000000000,4498.61,321.71,17,West,Technology,Phones,Corporate,1,301 - 500,Positive,16 - 20,4001 - 4500,321.71,0.07151320074422989,2023,3,8,Saturday
62,2023-02-09 11:01:37.297297297,127.76,207.39,13,North,Furniture,Laptops,Consumer,9,101 - 300,Positive,11 - 15,0 - 500,23.043333333333333,1.6232780212899185,2023,1,2,Thursday
63,2024-02-01 01:20:43.243243240,2000.0,-288.82,7,North,OfficeSup,Phones,Home Office,4,(-300) - (-101),Negative,6 - 10,1501 - 2000,-72.205,-0.14440999999999998,2024,1,2,Thursday
64,2023-06-02 17:20:43.243243242,3651.8,65.6,8,East,Technology,Binders,Home Office,5,0 - 100,Positive,6 - 10,3501 - 4000,13.12,0.017963743907114298,2023,2,6,Friday
65,2024-03-17 08:40:21.621621624,1989.51,-300.0,0,North,Furniture,Storage,Consumer,7,(-500) - (-301),Negative,0 - 5,1501 - 2000,-42.857142857142854,-0.15079089826138095,2024,1,3,Sunday
66,2024-05-20 15:58:33.513513512,4718.4,1282.64,23,East,Technology,Laptops,Home Office,8,1101 - 1300,Positive,21 - 25,4501 - 5000,160.33,0.2718379111563242,2024,2,5,Monday
67,2024-04-28 17:50:59.459459456,4584.76,136.52,23,East,OfficeSup,Storage,Consumer,7,101 - 300,Positive,21 - 25,4501 - 5000,19.502857142857145,0.029776913077238502,2024,2,4,Sunday
68,2024-09-24 19:30:27.027027024,3038.88,432.23,5,East,Technology,Phones,Consumer,7,301 - 500,Positive,0 - 5,3001 - 3500,61.74714285714286,0.142233322803138,2024,3,9,Tuesday
69,2023-02-21 03:37:39.459459459,3500.0,107.25,12,West,Furniture,Binders,Corporate,9,101 - 300,Positive,11 - 15,3001 - 3500,11.916666666666666,0.030642857142857142,2023,1,2,Tuesday
70,2024-02-01 18:52:58.378378376,4900.0,-409.41,0,West,Furniture,Laptops,Consumer,8,(-500) - (-301),Negative,0 - 5,4501 - 5000,-51.17625,-0.0835530612244898,2024,1,2,Thursday
71,2023-03-20 04:30:59.459459459,1585.65,1135.71,24,South,Technology,Phones,Consumer,7,1101 - 1300,Positive,21 - 25,1501 - 2000,162.24428571428572,0.7162425503736638,2023,1,3,Monday
72,2023-12-27 06:00:21.621621620,709.48,526.37,6,West,Furniture,Tables,Corporate,1,501 - 700,Positive,6 - 10,501 - 1000,526.37,0.7419095675706151,2023,4,12,Wednesday
73,2024-03-07 03:08:49.729729728,1300.0,1031.66,26,East,Technology,Paper,Consumer,6,901 - 1100,Positive,26 - 30,1001 - 1500,171.94333333333336,0.7935846153846154,2024,1,3,Thursday
74,2024-06-25 11:18:55.135135136,3688.83,-228.62,6,West,Technology,Tables,Home Office,9,(-300) - (-101),Negative,6 - 10,3501 - 4000,-25.40222222222222,-0.061976290585361755,2024,2,6,Tuesday
75,2023-08-02 08:57:39.459459460,2347.13,-288.29,8,East,Furniture,Bookcases,Corporate,6,(-300) - (-101),Negative,6 - 10,2001 - 2500,-48.04833333333334,-0.12282660099781435,2023,3,8,Wednesday
76,2023-07-31 04:20:54.054054052,3828.19,-64.18,0,South,OfficeSup,Phones,Corporate,6,(-100) - (-1),Negative,0 - 5,3501 - 4000,-10.696666666666667,-0.016765103090494466,2023,3,7,Monday
77,2024-04-21 10:28:28.108108104,2616.69,-415.06,28,North,Technology,Paper,Consumer,5,(-500) - (-301),Negative,26 - 30,2501 - 3000,-83.012,-0.1586202416029411,2024,2,4,Sunday
78,2023-01-29 11:57:50.270270270,3257.9,1384.77,26,North,OfficeSup,Laptops,Home Office,2,1301 - 1500,Positive,26 - 30,3001 - 3500,692.385,0.425049878756254,2023,1,1,Sunday
79,2024-03-06 09:36:34.594594592,2676.21,1387.86,1,East,Technology,Paper,Consumer,4,1301 - 1500,Positive,0 - 5,2501 - 3000,346.965,0.5185915903460491,2024,1,3,Wednesday
80,2023-08-13 08:01:26.486486484,4769.8,-47.45,6,West,Technology,Phones,Home Office,6,(-100) - (-1),Negative,6 - 10,4501 - 5000,-7.908333333333334,-0.009948006205710931,2023,3,8,Sunday
81,2024-05-11 03:59:16.756756752,2992.14,268.09,0,West,Technology,Paper,Home Office,8,101 - 300,Positive,0 - 5,2501 - 3000,33.51125,0.0895980803037291,2024,2,5,Saturday
82,2023-02-18 05:28:38.918918919,1600.07,734.44,10,South,Furniture,Storage,Home Office,9,701 - 900,Positive,6 - 10,1501 - 2000,81.60444444444445,0.4590049185348142,2023,1,2,Saturday
83,2023-07-20 22:49:22.162162162,3481.0,1226.27,16,South,Technology,Tables,Home Office,5,1101 - 1300,Positive,16 - 20,3001 - 3500,245.254,0.35227520827348463,2023,3,7,Thursday
84,2023-02-18 23:00:54.054054054,2790.74,-188.04,6,East,Technology,Phones,Corporate,6,(-300) - (-101),Negative,6 - 10,2501 - 3000,-31.34,-0.06737997807033261,2023,1,2,Saturday
85,2023-08-21 08:56:12.972972972,1839.7,-7.51,9,North,OfficeSup,Laptops,Corporate,5,(-100) - (-1),Negative,6 - 10,1501 - 2000,-1.502,-0.004082187313148883,2023,3,8,Monday
86,2024-02-05 10:34:14.054054052,3947.82,1479.51,16,West,OfficeSup,Accessories,Consumer,6,1301 - 1500,Positive,16 - 20,3501 - 4000,246.585,0.3747663267322218,2024,1,2,Monday
87,2024-12-30 06:27:44.864864864,4185.58,-100.0,16,South,Furniture,Binders,Corporate,5,(-300) - (-101),Negative,16 - 20,4001 - 4500,-20.0,-0.023891551469569332,2024,4,12,Monday
88,2024-06-05 17:48:06.486486488,1700.0,115.06,10,South,Furniture,Accessories,Corporate,3,101 - 300,Positive,6 - 10,1501 - 2000,38.35333333333333,0.06768235294117647,2024,2,6,Wednesday
89,2024-07-04 05:45:56.756756752,3772.01,1450.36,0,West,Furniture,Phones,Consumer,6,1301 - 1500,Positive,0 - 5,3501 - 4000,241.72666666666666,0.38450587352631616,2024,3,7,Thursday
90,2023-08-27 22:46:29.189189188,1237.0,500.0,7,North,Furniture,Storage,Home Office,3,301 - 500,Positive,6 - 10,1001 - 1500,166.66666666666666,0.4042037186742118,2023,3,8,Sunday
91,2023-10-07 03:20:21.621621620,2194.76,1000.06,20,South,Furniture,Bookcases,Home Office,2,901 - 1100,Positive,16 - 20,2001 - 2500,500.03,0.4556580218338223,2023,4,10,Saturday
92,2023-11-26 13:25:45.945945944,200.0,493.79,11,West,OfficeSup,Tables,Home Office,4,301 - 500,Positive,11 - 15,0 - 500,123.4475,2.46895,2023,4,11,Sunday
93,2024-01-17 10:35:40.540540540,4911.34,193.12,8,West,Furniture,Paper,Consumer,2,101 - 300,Positive,6 - 10,4501 - 5000,96.56,0.0393212443039985,2024,1,1,Wednesday
94,2023-06-09 07:10:59.459459458,4299.93,-115.38,2,South,OfficeSup,Tables,Corporate,1,(-300) - (-101),Negative,0 - 5,4001 - 4500,-115.38,-0.026832994955731836,2023,2,6,Friday
95,2024-07-29 02:02:31.351351352,4419.66,-229.29,14,South,OfficeSup,Binders,Consumer,5,(-300) - (-101),Negative,11 - 15,4001 - 4500,-45.858,-0.051879556345963265,2024,3,7,Monday
96,2023-11-15 14:21:58.918918916,4490.6,381.15,6,South,OfficeSup,Paper,Corporate,7,301 - 500,Positive,6 - 10,4001 - 4500,54.449999999999996,0.0848772992473166,2023,4,11,Wednesday
97,2024-07-12 06:40:43.243243240,2778.76,135.97,30,East,Furniture,Phones,Home Office,9,101 - 300,Positive,26 - 30,2501 - 3000,15.107777777777777,0.048931897680980004,2024,3,7,Friday
98,2023-03-06 07:18:11.891891892,207.93,-247.29,7,South,Furniture,Accessories,Consumer,7,(-300) - (-101),Negative,6 - 10,0 - 500,-35.32714285714285,-1.1892944741018612,2023,1,3,Monday
99,2023-02-16 00:51:53.513513513,1473.64,-302.83,11,East,Technology,Laptops,Home Office,7,(-500) - (-301),Negative,11 - 15,1001 - 1500,-43.26142857142857,-0.20549795065280527,2023,1,2,Thursday
100,2024-08-26 14:00:21.621621616,1910.46,113.94,0,North,OfficeSup,Laptops,Home Office,3,101 - 300,Positive,0 - 5,1501 - 2000,37.98,0.0596400866806947,2024,3,8,Monday
101,2024-06-07 04:52:36.756756752,500.0,1093.02,7,North,Technology,Phones,Consumer,2,901 - 1100,Positive,6 - 10,0 - 500,546.51,2.1860399999999998,2024,2,6,Friday
102,2023-09-14 11:40:32.432432432,4951.42,51.51,0,East,Furniture,Chairs,Home Office,6,0 - 100,Positive,0 - 5,4501 - 5000,8.584999999999999,0.010403076289226121,2023,3,9,Thursday
103,2024-11-14 23:08:06.486486488,184.03,1477.08,14,West,OfficeSup,Paper,Corporate,1,1301 - 1500,Positive,11 - 15,0 - 500,1477.08,8.026300059772863,2024,4,11,Thursday
104,2023-07-07 01:36:34.594594594,3900.0,-145.61,14,North,Technology,Paper,Consumer,5,(-300) - (-101),Negative,11 - 15,3501 - 4000,-29.122000000000003,-0.037335897435897436,2023,3,7,Friday
105,2024-04-09 00:20:10.810810808,1800.0,1200.0,20,West,Technology,Phones,Corporate,9,1101 - 1300,Positive,16 - 20,1501 - 2000,133.33333333333334,0.6666666666666666,2024,2,4,Tuesday
106,2024-04-15 14:10:27.027027024,1923.78,662.39,0,South,OfficeSup,Bookcases,Consumer,8,501 - 700,Positive,0 - 5,1501 - 2000,82.79875,0.3443169177348761,2024,2,4,Monday
107,2024-02-09 19:47:44.864864864,156.26,203.61,23,East,Technology,Bookcases,Corporate,9,101 - 300,Positive,21 - 25,0 - 500,22.623333333333335,1.3030206066811725,2024,1,2,Friday
108,2024-12-01 18:29:54.594594592,2399.5,479.74,20,North,Technology,Chairs,Consumer,3,301 - 500,Positive,16 - 20,2001 - 2500,159.91333333333333,0.19993331944155032,2024,4,12,Sunday
109,2023-05-03 18:18:22.702702702,3876.83,916.24,17,North,Furniture,Laptops,Corporate,2,901 - 1100,Positive,16 - 20,3501 - 4000,458.12,0.23633742000552,2023,2,5,Wednesday
110,2024-11-01 01:55:18.918918920,4800.0,1013.52,11,South,Technology,Laptops,Corporate,1,901 - 1100,Positive,11 - 15,4501 - 5000,1013.52,0.21115,2024,4,11,Friday
111,2024-01-21 19:49:11.351351352,2014.34,200.0,0,West,Furniture,Paper,Corporate,1,101 - 300,Positive,0 - 5,2001 - 2500,200.0,0.09928810429222475,2024,1,1,Sunday
112,2024-08-24 09:23:36.216216216,3081.2,1082.82,0,North,OfficeSup,Phones,Consumer,2,901 - 1100,Positive,0 - 5,3001 - 3500,541.41,0.3514280150590679,2024,3,8,Saturday
113,2024-12-20 18:28:28.108108104,4748.85,643.58,14,West,OfficeSup,Binders,Corporate,8,501 - 700,Positive,11 - 15,4501 - 5000,80.4475,0.13552333722901333,2024,4,12,Friday
114,2024-08-19 06:37:50.270270272,4947.17,700.0,0,East,Technology,Laptops,Home Office,6,501 - 700,Positive,0 - 5,4501 - 5000,116.66666666666667,0.14149503655625337,2024,3,8,Monday
115,2023-03-04 20:13:41.621621621,846.41,-101.51,25,West,OfficeSup,Storage,Corporate,4,(-300) - (-101),Negative,21 - 25,501 - 1000,-25.3775,-0.1199300575371274,2023,1,3,Saturday
116,2023-11-12 16:12:58.378378376,3239.11,-32.21,0,East,Furniture,Bookcases,Home Office,7,(-100) - (-1),Negative,0 - 5,3001 - 3500,-4.601428571428571,-0.009944089580162453,2023,4,11,Sunday
117,2023-05-15 10:54:24.864864864,700.0,1092.01,26,East,OfficeSup,Accessories,Corporate,8,901 - 1100,Positive,26 - 30,501 - 1000,136.50125,1.5600142857142858,2023,2,5,Monday
118,2024-12-15 15:42:42.162162160,3764.19,637.1,22,South,Furniture,Tables,Corporate,1,501 - 700,Positive,21 - 25,3501 - 4000,637.1,0.16925288043377196,2024,4,12,Sunday
119,2024-01-26 05:02:42.162162160,3066.97,100.0,28,North,Furniture,Storage,Home Office,7,0 - 100,Positive,26 - 30,3001 - 3500,14.285714285714286,0.032605470545848184,2024,1,1,Friday
120,2023-08-03 20:02:09.729729728,4333.41,500.0,22,West,Technology,Binders,Consumer,2,301 - 500,Positive,21 - 25,4001 - 4500,250.0,0.11538257400061384,2023,3,8,Thursday
121,2024-10-13 19:29:00.540540536,2361.46,1267.13,18,East,Technology,Storage,Consumer,1,1101 - 1300,Positive,16 - 20,2001 - 2500,1267.13,0.5365875348301475,2024,4,10,Sunday
122,2023-11-07 13:27:12.432432432,149.44,-100.0,25,East,Technology,Laptops,Home Office,7,(-300) - (-101),Negative,21 - 25,0 - 500,-14.285714285714286,-0.6691648822269808,2023,4,11,Tuesday
123,2024-06-05 00:15:51.351351352,1235.74,1000.0,15,South,Technology,Paper,Consumer,4,901 - 1100,Positive,11 - 15,1001 - 1500,250.0,0.8092317154093903,2024,2,6,Wednesday
124,2023-07-09 23:45:35.135135134,4490.77,1068.41,7,East,OfficeSup,Accessories,Consumer,5,901 - 1100,Positive,6 - 10,4001 - 4500,213.68200000000002,0.23791242927159484,2023,3,7,Sunday
125,2023-06-23 04:23:47.027027026,4165.84,1483.39,9,West,Furniture,Paper,Consumer,1,1301 - 1500,Positive,6 - 10,4001 - 4500,1483.39,0.35608424711462755,2023,2,6,Friday
126,2024-02-13 11:29:00.540540540,4900.0,1000.0,21,West,Technology,Paper,Home Office,3,901 - 1100,Positive,21 - 25,4501 - 5000,333.3333333333333,0.20408163265306123,2024,1,2,Tuesday
127,2024-03-02 00:23:03.783783784,3548.58,75.66,21,West,OfficeSup,Laptops,Home Office,3,0 - 100,Positive,21 - 25,3501 - 4000,25.22,0.02132120453815329,2024,1,3,Saturday
128,2023-11-22 04:12:15.135135136,3836.17,361.97,0,North,OfficeSup,Tables,Corporate,7,301 - 500,Positive,0 - 5,3501 - 4000,51.71,0.09435713224387866,2023,4,11,Wednesday
129,2024-09-25 13:02:42.162162160,4321.42,390.77,24,West,OfficeSup,Binders,Corporate,8,301 - 500,Positive,21 - 25,4001 - 4500,48.84625,0.09042629506041995,2024,3,9,Wednesday
130,2024-08-07 14:01:48.108108104,2500.0,-70.17,2,East,Technology,Laptops,Consumer,6,(-100) - (-1),Negative,0 - 5,2001 - 2500,-11.695,-0.028068,2024,3,8,Wednesday
131,2024-03-13 16:59:05.945945944,3884.27,822.28,24,West,OfficeSup,Accessories,Home Office,5,701 - 900,Positive,21 - 25,3501 - 4000,164.456,0.2116948615827427,2024,1,3,Wednesday
132,2024-09-12 09:22:09.729729728,3346.17,720.75,28,West,OfficeSup,Bookcases,Home Office,6,701 - 900,Positive,26 - 30,3001 - 3500,120.125,0.21539551188373574,2024,3,9,Thursday
133,2023-07-13 15:26:50.810810810,2683.6,1212.26,17,West,Furniture,Paper,Home Office,2,1101 - 1300,Positive,16 - 20,2501 - 3000,606.13,0.45172902071843796,2023,3,7,Thursday
134,2024-12-28 01:50:59.459459456,4800.0,199.71,18,East,Technology,Accessories,Consumer,5,101 - 300,Positive,16 - 20,4501 - 5000,39.942,0.041606250000000004,2024,4,12,Saturday
135,2024-01-22 13:21:26.486486484,1000.0,1105.7,0,West,OfficeSup,Chairs,Consumer,1,1101 - 1300,Positive,0 - 5,501 - 1000,1105.7,1.1057000000000001,2024,1,1,Monday
136,2023-02-10 04:33:52.432432432,4691.75,100.0,10,South,Technology,Storage,Home Office,6,0 - 100,Positive,6 - 10,4501 - 5000,16.666666666666668,0.021314008632173496,2023,1,2,Friday
137,2023-03-29 16:30:16.216216216,603.47,1208.52,21,South,Technology,Paper,Home Office,9,1101 - 1300,Positive,21 - 25,501 - 1000,134.28,2.0026181914593932,2023,1,3,Wednesday
138,2023-06-07 02:34:14.054054054,1409.54,800.0,25,East,OfficeSup,Tables,Consumer,4,701 - 900,Positive,21 - 25,1001 - 1500,200.0,0.5675610482852562,2023,2,6,Wednesday
139,2023-01-19 06:26:18.378378378,1600.0,1100.0,0,West,OfficeSup,Chairs,Corporate,9,901 - 1100,Positive,0 - 5,1501 - 2000,122.22222222222223,0.6875,2023,1,1,Thursday
140,2023-02-22 14:42:09.729729730,600.0,-493.72,17,East,Furniture,Phones,Corporate,9,(-500) - (-301),Negative,16 - 20,501 - 1000,-54.857777777777784,-0.8228666666666667,2023,1,2,Wednesday
141,2023-02-02 03:39:05.945945946,3987.63,-167.96,14,South,Furniture,Binders,Home Office,1,(-300) - (-101),Negative,11 - 15,3501 - 4000,-167.96,-0.042120256894446075,2023,1,2,Thursday
142,2023-06-30 11:46:18.378378378,392.61,182.85,8,East,OfficeSup,Storage,Consumer,6,101 - 300,Positive,6 - 10,0 - 500,30.474999999999998,0.4657293497363796,2023,2,6,Friday
143,2024-06-10 20:33:52.432432432,4433.45,64.52,9,North,Technology,Paper,Home Office,5,0 - 100,Positive,6 - 10,4001 - 4500,12.904,0.014553000484949645,2024,2,6,Monday
144,2023-07-25 08:02:52.972972972,2136.65,1399.8,0,South,OfficeSup,Bookcases,Corporate,9,1301 - 1500,Positive,0 - 5,2001 - 2500,155.53333333333333,0.6551377155828048,2023,3,7,Tuesday
145,2024-10-14 13:01:15.675675672,4918.2,41.24,5,East,Furniture,Chairs,Corporate,2,0 - 100,Positive,0 - 5,4501 - 5000,20.62,0.008385181570493271,2024,4,10,Monday
146,2024-10-29 21:18:33.513513512,3765.22,1373.86,3,South,Furniture,Laptops,Consumer,3,1301 - 1500,Positive,0 - 5,3501 - 4000,457.9533333333333,0.364881733338291,2024,4,10,Tuesday
147,2024-08-14 21:24:19.459459456,3741.1,-203.28,0,North,OfficeSup,Storage,Corporate,9,(-300) - (-101),Negative,0 - 5,3501 - 4000,-22.586666666666666,-0.05433695971773008,2024,3,8,Wednesday
148,2023-06-28 07:09:32.972972972,4693.15,-20.02,20,North,Furniture,Chairs,Home Office,7,(-100) - (-1),Negative,16 - 20,4501 - 5000,-2.86,-0.004265791632485644,2023,2,6,Wednesday
149,2024-08-23 15:51:21.081081080,3673.25,130.02,0,West,Furniture,Bookcases,Consumer,7,101 - 300,Positive,0 - 5,3501 - 4000,18.574285714285715,0.03539644728782414,2024,3,8,Friday
150,2023-08-23 13:32:58.378378376,4769.19,-400.0,28,East,OfficeSup,Laptops,Consumer,2,(-500) - (-301),Negative,26 - 30,4501 - 5000,-200.0,-0.08387168470956284,2023,3,8,Wednesday
151,2024-04-14 20:38:11.891891888,3014.54,728.97,0,East,Technology,Accessories,Consumer,6,701 - 900,Positive,0 - 5,3001 - 3500,121.495,0.2418179888142138,2024,2,4,Sunday
152,2023-04-26 10:55:51.351351350,2400.0,679.9,28,East,Furniture,Binders,Corporate,2,501 - 700,Positive,26 - 30,2001 - 2500,339.95,0.28329166666666666,2023,2,4,Wednesday
153,2024-12-14 22:10:27.027027024,2817.97,737.22,1,South,OfficeSup,Paper,Consumer,5,701 - 900,Positive,0 - 5,2501 - 3000,147.44400000000002,0.26161385678342924,2024,4,12,Saturday
154,2023-11-10 11:36:12.972972972,1036.48,925.69,18,South,Furniture,Storage,Corporate,9,901 - 1100,Positive,16 - 20,1001 - 1500,102.85444444444445,0.8931093701759802,2023,4,11,Friday
155,2024-11-18 14:49:22.162162160,2607.02,-270.49,26,East,Furniture,Phones,Home Office,7,(-300) - (-101),Negative,26 - 30,2501 - 3000,-38.64142857142857,-0.10375447829322368,2024,4,11,Monday
156,2023-12-04 14:20:32.432432432,3925.59,-395.22,2,West,Furniture,Binders,Corporate,8,(-500) - (-301),Negative,0 - 5,3501 - 4000,-49.4025,-0.10067785988857726,2023,4,12,Monday
157,2023-08-14 19:05:56.756756756,1173.68,1067.0,0,West,Furniture,Binders,Home Office,7,901 - 1100,Positive,0 - 5,1001 - 1500,152.42857142857142,0.9091064003817053,2023,3,8,Monday
158,2024-05-24 07:39:49.189189184,4048.64,478.07,15,West,Technology,Chairs,Consumer,9,301 - 500,Positive,11 - 15,4001 - 4500,53.11888888888889,0.11808162741068606,2024,2,5,Friday
159,2023-02-13 20:15:08.108108108,611.58,-347.04,2,North,Furniture,Laptops,Corporate,1,(-500) - (-301),Negative,0 - 5,501 - 1000,-347.04,-0.5674482487981949,2023,1,2,Monday
160,2024-10-07 23:10:59.459459456,4100.0,-475.32,20,South,Furniture,Paper,Consumer,4,(-500) - (-301),Negative,16 - 20,4001 - 4500,-118.83,-0.11593170731707317,2024,4,10,Monday
161,2024-03-10 18:50:05.405405408,3100.06,-463.23,20,South,OfficeSup,Chairs,Home Office,3,(-500) - (-301),Negative,16 - 20,3001 - 3500,-154.41,-0.14942614013922312,2024,1,3,Sunday
162,2024-07-14 11:17:28.648648648,4731.06,1131.54,2,South,Technology,Laptops,Home Office,8,1101 - 1300,Positive,0 - 5,4501 - 5000,141.4425,0.23917261670746087,2024,3,7,Sunday
163,2024-04-19 05:51:42.702702704,1488.19,151.65,26,East,Technology,Binders,Consumer,8,101 - 300,Positive,26 - 30,1001 - 1500,18.95625,0.10190231086084438,2024,2,4,Friday
164,2024-04-19 23:23:57.837837840,3955.17,-244.45,18,North,Technology,Accessories,Corporate,5,(-300) - (-101),Negative,16 - 20,3501 - 4000,-48.89,-0.06180518157247349,2024,2,4,Friday
165,2024-09-24 01:58:11.891891888,1008.33,1400.0,11,East,Technology,Laptops,Home Office,2,1301 - 1500,Positive,11 - 15,1001 - 1500,700.0,1.388434341931709,2024,3,9,Tuesday
166,2024-05-03 03:04:30.270270272,3225.98,-472.73,26,East,Furniture,Accessories,Consumer,1,(-500) - (-301),Negative,26 - 30,3001 - 3500,-472.73,-0.14653841623320665,2024,2,5,Friday
167,2023-08-06 18:11:10.270270268,771.3,1385.32,20,East,Technology,Paper,Home Office,1,1301 - 1500,Positive,16 - 20,501 - 1000,1385.32,1.7960845326072865,2023,3,8,Sunday
168,2024-05-18 11:21:48.108108104,648.22,309.45,13,West,Technology,Binders,Consumer,8,301 - 500,Positive,11 - 15,501 - 1000,38.68125,0.47738422140631265,2024,2,5,Saturday
169,2023-08-18 10:47:12.432432432,163.84,1246.22,25,North,Technology,Phones,Corporate,8,1101 - 1300,Positive,21 - 25,0 - 500,155.7775,7.6063232421875,2023,3,8,Friday
170,2023-08-15 12:38:11.891891892,2348.92,899.41,17,South,Furniture,Phones,Home Office,2,701 - 900,Positive,16 - 20,2001 - 2500,449.705,0.3829036323076137,2023,3,8,Tuesday
171,2023-09-21 19:03:03.783783784,1450.18,808.32,20,East,Furniture,Phones,Corporate,6,701 - 900,Positive,16 - 20,1001 - 1500,134.72,0.5573928753671958,2023,3,9,Thursday
172,2023-12-17 00:28:49.729729728,3359.22,962.31,24,South,Furniture,Paper,Home Office,8,901 - 1100,Positive,21 - 25,3001 - 3500,120.28875,0.28646828728097595,2023,4,12,Sunday
173,2023-03-22 09:07:44.864864865,687.77,525.79,10,South,Technology,Tables,Home Office,8,501 - 700,Positive,6 - 10,501 - 1000,65.72375,0.7644852203498262,2023,1,3,Wednesday
174,2024-12-23 16:37:28.648648648,940.03,208.75,20,South,OfficeSup,Storage,Consumer,9,101 - 300,Positive,16 - 20,501 - 1000,23.194444444444443,0.22206738082827143,2024,4,12,Monday
175,2023-12-22 03:14:35.675675676,1628.72,632.43,19,North,Technology,Phones,Home Office,9,501 - 700,Positive,16 - 20,1501 - 2000,70.27,0.3882987867773466,2023,4,12,Friday
176,2023-09-23 06:07:34.054054052,5000.0,200.0,6,West,Technology,Storage,Consumer,3,101 - 300,Positive,6 - 10,4501 - 5000,66.66666666666667,0.04,2023,3,9,Saturday
177,2023-07-05 14:32:04.324324324,3258.5,795.03,27,East,Furniture,Storage,Consumer,8,701 - 900,Positive,26 - 30,3001 - 3500,99.37875,0.24398649685438084,2023,3,7,Wednesday
178,2023-07-09 06:13:20.000000000,3136.7,1383.07,25,North,OfficeSup,Phones,Corporate,3,1301 - 1500,Positive,21 - 25,3001 - 3500,461.0233333333333,0.44093155226830744,2023,3,7,Sunday
179,2024-08-09 01:06:18.378378376,2107.72,200.0,1,East,OfficeSup,Accessories,Home Office,5,101 - 300,Positive,0 - 5,2001 - 2500,40.0,0.09488926422864517,2024,3,8,Friday
180,2024-05-09 16:54:46.486486488,3034.34,606.22,0,South,Technology,Chairs,Corporate,2,501 - 700,Positive,0 - 5,3001 - 3500,303.11,0.19978644449863892,2024,2,5,Thursday
181,2023-12-27 23:32:36.756756756,4007.98,-111.1,22,East,Furniture,Bookcases,Corporate,5,(-300) - (-101),Negative,21 - 25,4001 - 4500,-22.22,-0.02771969920009581,2023,4,12,Wednesday
182,2024-05-04 14:09:00.540540536,2547.22,608.71,3,East,Furniture,Bookcases,Home Office,6,501 - 700,Positive,0 - 5,2501 - 3000,101.45166666666667,0.23897032843649157,2024,2,5,Saturday
183,2023-10-03 11:39:05.945945944,3429.79,139.3,25,East,Furniture,Laptops,Corporate,7,101 - 300,Positive,21 - 25,3001 - 3500,19.900000000000002,0.04061473151417434,2023,4,10,Tuesday
184,2024-01-20 08:44:41.081081080,1015.88,1154.71,15,North,OfficeSup,Binders,Home Office,1,1101 - 1300,Positive,11 - 15,1001 - 1500,1154.71,1.1366598417135882,2024,1,1,Saturday
185,2024-09-09 11:13:09.189189184,171.68,-474.19,6,East,OfficeSup,Tables,Home Office,3,(-500) - (-301),Negative,6 - 10,0 - 500,-158.06333333333333,-2.762057315936626,2024,3,9,Monday
186,2023-04-11 02:38:33.513513513,4500.0,-449.53,5,East,Furniture,Chairs,Corporate,6,(-500) - (-301),Negative,0 - 5,4001 - 4500,-74.92166666666667,-0.09989555555555554,2023,2,4,Tuesday
187,2023-09-17 09:49:32.972972972,2459.59,-346.86,20,North,OfficeSup,Binders,Corporate,7,(-500) - (-301),Negative,16 - 20,2001 - 2500,-49.55142857142857,-0.14102350391731955,2023,3,9,Sunday
188,2023-09-24 17:12:04.324324324,2911.82,1189.72,3,North,OfficeSup,Bookcases,Corporate,2,1101 - 1300,Positive,0 - 5,2501 - 3000,594.86,0.40858294812179324,2023,3,9,Sunday
189,2024-11-19 08:21:37.297297296,126.2,480.82,26,South,Technology,Phones,Corporate,5,301 - 500,Positive,26 - 30,0 - 500,96.164,3.809984152139461,2024,4,11,Tuesday
190,2024-07-01 07:36:56.216216216,917.96,1383.15,10,West,OfficeSup,Laptops,Consumer,8,1301 - 1500,Positive,6 - 10,501 - 1000,172.89375,1.5067650006536233,2024,3,7,Monday
191,2024-11-23 17:35:08.108108104,3227.78,-275.27,13,West,OfficeSup,Bookcases,Consumer,6,(-300) - (-101),Negative,11 - 15,3001 - 3500,-45.87833333333333,-0.08528152476314989,2024,4,11,Saturday
192,2024-08-28 18:37:07.027027024,4653.51,146.2,3,South,OfficeSup,Phones,Home Office,2,101 - 300,Positive,0 - 5,4501 - 5000,73.1,0.031417145337605375,2024,3,8,Wednesday
193,2024-04-24 08:37:28.648648648,3876.64,-245.26,8,North,Technology,Chairs,Corporate,6,(-300) - (-101),Negative,6 - 10,3501 - 4000,-40.876666666666665,-0.06326612736803004,2024,2,4,Wednesday
194,2023-05-26 09:58:11.891891892,1285.26,-100.0,28,North,OfficeSup,Chairs,Home Office,7,(-300) - (-101),Negative,26 - 30,1001 - 1500,-14.285714285714286,-0.07780526897281484,2023,2,5,Friday
195,2023-06-05 15:29:43.783783784,3835.31,87.55,21,North,OfficeSup,Accessories,Consumer,5,0 - 100,Positive,21 - 25,3501 - 4000,17.509999999999998,0.022827359457253782,2023,2,6,Monday
196,2023-10-26 03:18:55.135135136,3900.0,-413.9,28,South,Furniture,Tables,Home Office,2,(-500) - (-301),Negative,26 - 30,3501 - 4000,-206.95,-0.10612820512820512,2023,4,10,Thursday
197,2023-08-31 14:27:44.864864864,4290.51,877.53,23,South,Technology,Binders,Consumer,8,701 - 900,Positive,21 - 25,4001 - 4500,109.69125,0.20452813301915154,2023,3,8,Thursday
198,2023-06-01 23:48:28.108108108,1406.71,-324.9,30,West,Technology,Accessories,Consumer,4,(-500) - (-301),Negative,26 - 30,1001 - 1500,-81.225,-0.2309644489624727,2023,2,6,Thursday
199,2024-03-23 22:30:37.837837840,3400.0,745.46,0,West,Technology,Accessories,Consumer,5,701 - 900,Positive,0 - 5,3001 - 3500,149.092,0.2192529411764706,2024,1,3,Saturday
200,2023-02-26 23:55:40.540540540,2443.47,930.37,3,North,OfficeSup,Bookcases,Corporate,4,901 - 1100,Positive,0 - 5,2001 - 2500,232.5925,0.3807576929530545,2023,1,2,Sunday
